,exp,tiempo
0,9.938215859284344e-05,0.001
1,7.379359007072686e-05,0.002
2,6.110303532185445e-05,0.003
3,5.3193666721714517e-05,0.004
4,4.776510589342039e-05,0.005
5,4.38495178677622e-05,0.006
6,4.0947093564706146e-05,0.007
7,3.876566773860065e-05,0.008
8,3.711732330080512e-05,0.009000000000000001
9,3.5874244357963425e-05,0.010000000000000002
10,3.494465279705785e-05,0.011000000000000003
11,3.4261163712235374e-05,0.012000000000000004
12,3.3771989721141094e-05,0.013000000000000005
13,3.343719077947901e-05,0.014000000000000005
14,3.3225957632552955e-05,0.015000000000000006
15,3.311331887872851e-05,0.016000000000000007
16,3.308007512877435e-05,0.017000000000000008
17,3.310989721339641e-05,0.01800000000000001
18,3.319014307402676e-05,0.01900000000000001
19,3.331066030116541e-05,0.02000000000000001
20,3.34636032387718e-05,0.02100000000000001
21,3.364232322600956e-05,0.022000000000000013
22,3.3841700041947516e-05,0.023000000000000013
23,3.4056580740008566e-05,0.024000000000000014
24,3.428391930654163e-05,0.025000000000000015
25,3.4520089499618825e-05,0.026000000000000016
26,3.476285540470677e-05,0.027000000000000017
27,3.5009479152576675e-05,0.028000000000000018
28,3.5258873637004726e-05,0.02900000000000002
29,3.5509282692639413e-05,0.03000000000000002
30,3.5759856309802e-05,0.03100000000000002
31,3.600893661568584e-05,0.03200000000000002
32,3.6256674662443926e-05,0.03300000000000002
33,3.650169239899124e-05,0.03400000000000002
34,3.674358122110847e-05,0.035000000000000024
35,3.698171525152357e-05,0.036000000000000025
36,3.721580429355406e-05,0.037000000000000026
37,3.7445265508791634e-05,0.03800000000000003
38,3.766996160393805e-05,0.03900000000000003
39,3.788906131486544e-05,0.04000000000000003
40,3.810332262845026e-05,0.04100000000000003
41,3.8311571538361356e-05,0.04200000000000003
42,3.8514363788740605e-05,0.04300000000000003
43,3.871079718095436e-05,0.04400000000000003
44,3.89014742834804e-05,0.04500000000000003
45,3.908548011308534e-05,0.046000000000000034
46,3.926332648775288e-05,0.047000000000000035
47,3.943447105043312e-05,0.048000000000000036
48,3.959969202959656e-05,0.04900000000000004
49,3.975797823388685e-05,0.05000000000000004
50,3.990979788063168e-05,0.05100000000000004
51,4.0055541597357974e-05,0.05200000000000004
52,4.019482465018318e-05,0.05300000000000004
53,4.032785411404054e-05,0.05400000000000004
54,4.045461494959145e-05,0.05500000000000004
55,4.057560549673178e-05,0.05600000000000004
56,4.069070258459667e-05,0.057000000000000044
57,4.0800375989390795e-05,0.058000000000000045
58,4.090424855769891e-05,0.059000000000000045
59,4.1002766893237815e-05,0.060000000000000046
60,4.109660064162624e-05,0.06100000000000005
61,4.1185389345787205e-05,0.06200000000000005
62,4.1269854513992925e-05,0.06300000000000004
63,4.1349257673744924e-05,0.06400000000000004
64,4.142487228613111e-05,0.06500000000000004
65,4.1496466764585354e-05,0.06600000000000004
66,4.156442163235311e-05,0.06700000000000005
67,4.162920780992571e-05,0.06800000000000005
68,4.16902614760511e-05,0.06900000000000005
69,4.174851255448327e-05,0.07000000000000005
70,4.180372012920432e-05,0.07100000000000005
71,4.1856238222359306e-05,0.07200000000000005
72,4.190722136479952e-05,0.07300000000000005
73,4.195616493501885e-05,0.07400000000000005
74,4.200351916638781e-05,0.07500000000000005
75,4.2049970643742645e-05,0.07600000000000005
76,4.209355904909559e-05,0.07700000000000005
77,4.213586397571953e-05,0.07800000000000006
78,4.2178048629517075e-05,0.07900000000000006
79,4.222134927580282e-05,0.08000000000000006
80,4.226513482023836e-05,0.08100000000000006
81,4.2307449934252867e-05,0.08200000000000006
82,4.2350676967889175e-05,0.08300000000000006
83,4.239130950012805e-05,0.08400000000000006
84,4.243327026346072e-05,0.08500000000000006
85,4.247676417898525e-05,0.08600000000000006
86,4.2518504570630586e-05,0.08700000000000006
87,4.256178350612968e-05,0.08800000000000006
88,4.26046543597537e-05,0.08900000000000007
89,4.264886763118911e-05,0.09000000000000007
90,4.269320874933647e-05,0.09100000000000007
91,4.27373301316004e-05,0.09200000000000007
92,4.27806590584153e-05,0.09300000000000007
93,4.2826228908596295e-05,0.09400000000000007
94,4.287333149503369e-05,0.09500000000000007
95,4.291969031577904e-05,0.09600000000000007
96,4.296849776000635e-05,0.09700000000000007
97,4.301780580765646e-05,0.09800000000000007
98,4.306709905062287e-05,0.09900000000000007
99,4.311832064797255e-05,0.10000000000000007
100,4.317053459920326e-05,0.10100000000000008
101,4.322402536736928e-05,0.10200000000000008
102,4.3279070483913624e-05,0.10300000000000008
103,4.333459707230317e-05,0.10400000000000008
104,4.339276677149788e-05,0.10500000000000008
105,4.345113283085624e-05,0.10600000000000008
106,4.351165353723212e-05,0.10700000000000008
107,4.357296674228383e-05,0.10800000000000008
108,4.363503932594728e-05,0.10900000000000008
109,4.369948930168833e-05,0.11000000000000008
110,4.376454430875908e-05,0.11100000000000008
111,4.383129652067144e-05,0.11200000000000009
112,4.3899406026993326e-05,0.11300000000000009
113,4.396812627190736e-05,0.11400000000000009
114,4.403865261140346e-05,0.11500000000000009
115,4.411001986331993e-05,0.11600000000000009
116,4.418297759230608e-05,0.11700000000000009
117,4.425658323226557e-05,0.11800000000000009
118,4.433136776685323e-05,0.11900000000000009
119,4.4407263360736915e-05,0.12000000000000009
120,4.448419540001088e-05,0.1210000000000001
121,4.4562111733081186e-05,0.1220000000000001
122,4.464068313813386e-05,0.1230000000000001
123,4.472073048873986e-05,0.1240000000000001
124,4.480153854123954e-05,0.12500000000000008
125,4.488306640466111e-05,0.12600000000000008
126,4.496521022935313e-05,0.12700000000000009
127,4.504820295697788e-05,0.12800000000000009
128,4.5131937825435744e-05,0.1290000000000001
129,4.521650749589885e-05,0.1300000000000001
130,4.5301505410286524e-05,0.1310000000000001
131,4.5386882027720835e-05,0.1320000000000001
132,4.547312535538232e-05,0.1330000000000001
133,4.555954805735113e-05,0.1340000000000001
134,4.564679972896879e-05,0.1350000000000001
135,4.573404894278708e-05,0.1360000000000001
136,4.5821908805831216e-05,0.1370000000000001
137,4.590973335127351e-05,0.1380000000000001
138,4.5997894907848956e-05,0.1390000000000001
139,4.608594009296173e-05,0.1400000000000001
140,4.6174792881708445e-05,0.1410000000000001
141,4.6263342179905166e-05,0.1420000000000001
142,4.6352288747681906e-05,0.1430000000000001
143,4.6441090206349414e-05,0.1440000000000001
144,4.653042738082445e-05,0.1450000000000001
145,4.661936749251668e-05,0.1460000000000001
146,4.670829721175744e-05,0.1470000000000001
147,4.679706573736991e-05,0.1480000000000001
148,4.6885817219005624e-05,0.1490000000000001
149,4.697452619021112e-05,0.1500000000000001
150,4.7063354733065066e-05,0.1510000000000001
151,4.715206166260032e-05,0.1520000000000001
152,4.724047865790094e-05,0.1530000000000001
153,4.732833489065196e-05,0.1540000000000001
154,4.741617377933084e-05,0.1550000000000001
155,4.750347673876019e-05,0.1560000000000001
156,4.7590427241573876e-05,0.1570000000000001
157,4.7677000017609555e-05,0.1580000000000001
158,4.7763300786476614e-05,0.1590000000000001
159,4.784940898043959e-05,0.16000000000000011
160,4.793500214313617e-05,0.16100000000000012
161,4.802010740156847e-05,0.16200000000000012
162,4.8104926008129726e-05,0.16300000000000012
163,4.818928502948184e-05,0.16400000000000012
164,4.827316653521416e-05,0.16500000000000012
165,4.835629558104073e-05,0.16600000000000012
166,4.843937663842795e-05,0.16700000000000012
167,4.8521661145309105e-05,0.16800000000000012
168,4.8603225079326225e-05,0.16900000000000012
169,4.868445874862449e-05,0.17000000000000012
170,4.876512758710778e-05,0.17100000000000012
171,4.8844961724194106e-05,0.17200000000000013
172,4.8924353436502024e-05,0.17300000000000013
173,4.9003135112122904e-05,0.17400000000000013
174,4.9081429601977025e-05,0.17500000000000013
175,4.915901568589139e-05,0.17600000000000013
176,4.923589023177147e-05,0.17700000000000013
177,4.931191720269932e-05,0.17800000000000013
178,4.938743998693068e-05,0.17900000000000013
179,4.946241309396106e-05,0.18000000000000013
180,4.9536707398714e-05,0.18100000000000013
181,4.961037649039097e-05,0.18200000000000013
182,4.968332171091405e-05,0.18300000000000013
183,4.9755524046618194e-05,0.18400000000000014
184,4.98268806097944e-05,0.18500000000000014
185,4.989762128700545e-05,0.18600000000000014
186,4.9967311904810056e-05,0.18700000000000014
187,5.003654218830511e-05,0.18800000000000014
188,5.0104968713624656e-05,0.18900000000000014
189,5.017265640523277e-05,0.19000000000000014
190,5.023987024070315e-05,0.19100000000000014
191,5.0306026541457985e-05,0.19200000000000014
192,5.0371617677361356e-05,0.19300000000000014
193,5.043653827517117e-05,0.19400000000000014
194,5.0501041739409004e-05,0.19500000000000015
195,5.0564587641152744e-05,0.19600000000000015
196,5.062733548905386e-05,0.19700000000000015
197,5.068922496007856e-05,0.19800000000000015
198,5.075063393052526e-05,0.19900000000000015
199,5.0810894386714697e-05,0.20000000000000015
200,5.0870570455646044e-05,0.20100000000000015
201,5.092969436761571e-05,0.20200000000000015
202,5.098809507912711e-05,0.20300000000000015
203,5.104565975227922e-05,0.20400000000000015
204,5.110267120708337e-05,0.20500000000000015
205,5.1158765258728185e-05,0.20600000000000016
206,5.1214143309434626e-05,0.20700000000000016
207,5.1268901129314815e-05,0.20800000000000016
208,5.132280961578405e-05,0.20900000000000016
209,5.137605901697135e-05,0.21000000000000016
210,5.142872977730447e-05,0.21100000000000016
211,5.148055423501641e-05,0.21200000000000016
212,5.1531647368141825e-05,0.21300000000000016
213,5.158209473810804e-05,0.21400000000000016
214,5.1631883106471916e-05,0.21500000000000016
215,5.168079933625736e-05,0.21600000000000016
216,5.1729102101553285e-05,0.21700000000000016
217,5.1776816570931085e-05,0.21800000000000017
218,5.1823878222986e-05,0.21900000000000017
219,5.1870133360141604e-05,0.22000000000000017
220,5.191563123033205e-05,0.22100000000000017
221,5.196055562452002e-05,0.22200000000000017
222,5.2004823267980574e-05,0.22300000000000017
223,5.204828924104632e-05,0.22400000000000017
224,5.209105937370446e-05,0.22500000000000017
225,5.2133051479320796e-05,0.22600000000000017
226,5.217459949023551e-05,0.22700000000000017
227,5.2215399013192096e-05,0.22800000000000017
228,5.225551022632006e-05,0.22900000000000018
229,5.229510198543519e-05,0.23000000000000018
230,5.233425032670723e-05,0.23100000000000018
231,5.2372496454397224e-05,0.23200000000000018
232,5.241025561895941e-05,0.23300000000000018
233,5.2447145324567295e-05,0.23400000000000018
234,5.2483444401045076e-05,0.23500000000000018
235,5.251910810767042e-05,0.23600000000000018
236,5.255410403709906e-05,0.23700000000000018
237,5.258860046992558e-05,0.23800000000000018
238,5.262241976706035e-05,0.23900000000000018
239,5.265571570870626e-05,0.24000000000000019
240,5.2688401337279065e-05,0.2410000000000002
241,5.272049538425198e-05,0.2420000000000002
242,5.275202724854395e-05,0.2430000000000002
243,5.2782768106104786e-05,0.2440000000000002
244,5.281309198446425e-05,0.2450000000000002
245,5.28424549387988e-05,0.2460000000000002
246,5.2871544419441836e-05,0.2470000000000002
247,5.289991343943693e-05,0.2480000000000002
248,5.292781984615176e-05,0.2490000000000002
249,5.29552253644369e-05,0.25000000000000017
250,5.29821013587009e-05,0.25100000000000017
251,5.300855346504403e-05,0.25200000000000017
252,5.303433825802942e-05,0.25300000000000017
253,5.305935052978933e-05,0.25400000000000017
254,5.3084102603170015e-05,0.25500000000000017
255,5.3108186806133266e-05,0.25600000000000017
256,5.313195162075623e-05,0.2570000000000002
257,5.3154888057211596e-05,0.2580000000000002
258,5.3177148904326724e-05,0.2590000000000002
259,5.3199024640920465e-05,0.2600000000000002
260,5.32201987823914e-05,0.2610000000000002
261,5.3241080499345485e-05,0.2620000000000002
262,5.3261174974974455e-05,0.2630000000000002
263,5.3281155911315515e-05,0.2640000000000002
264,5.330035050125801e-05,0.2650000000000002
265,5.331924289688226e-05,0.2660000000000002
266,5.333781982816467e-05,0.2670000000000002
267,5.335557348468426e-05,0.2680000000000002
268,5.3372886826905005e-05,0.2690000000000002
269,5.338980701235917e-05,0.2700000000000002
270,5.3406341657114204e-05,0.2710000000000002
271,5.342212377623749e-05,0.2720000000000002
272,5.3437571476291856e-05,0.2730000000000002
273,5.345267127206175e-05,0.2740000000000002
274,5.346713127830362e-05,0.2750000000000002
275,5.348105076849829e-05,0.2760000000000002
276,5.349462934034255e-05,0.2770000000000002
277,5.350759817157361e-05,0.2780000000000002
278,5.3519939456955744e-05,0.2790000000000002
279,5.3532072999082855e-05,0.2800000000000002
280,5.354377760888427e-05,0.2810000000000002
281,5.355507864699176e-05,0.2820000000000002
282,5.3565978547938236e-05,0.2830000000000002
283,5.3576110546631104e-05,0.2840000000000002
284,5.358612579053307e-05,0.2850000000000002
285,5.3595810568612425e-05,0.2860000000000002
286,5.360499307958227e-05,0.2870000000000002
287,5.361336410506763e-05,0.2880000000000002
288,5.362171226432076e-05,0.2890000000000002
289,5.3629509466561485e-05,0.2900000000000002
290,5.3637185265087744e-05,0.2910000000000002
291,5.364410547780224e-05,0.2920000000000002
292,5.365081591219581e-05,0.2930000000000002
293,5.3657101743483353e-05,0.2940000000000002
294,5.366276028078036e-05,0.2950000000000002
295,5.366826822339334e-05,0.2960000000000002
296,5.3673144186411304e-05,0.2970000000000002
297,5.3677999818134034e-05,0.2980000000000002
298,5.368212503310635e-05,0.2990000000000002
299,5.3685905347001305e-05,0.3000000000000002
300,5.36893205593422e-05,0.3010000000000002
301,5.369269532979943e-05,0.3020000000000002
302,5.3695397691706064e-05,0.3030000000000002
303,5.369786113123074e-05,0.3040000000000002
304,5.369996644610676e-05,0.3050000000000002
305,5.3701485490522065e-05,0.3060000000000002
306,5.37026022444518e-05,0.3070000000000002
307,5.370299576674474e-05,0.3080000000000002
308,5.3703507798968406e-05,0.3090000000000002
309,5.370378360843519e-05,0.3100000000000002
310,5.370337445670346e-05,0.3110000000000002
311,5.370277292936635e-05,0.3120000000000002
312,5.37015345166137e-05,0.3130000000000002
313,5.370031670278584e-05,0.3140000000000002
314,5.369907648052957e-05,0.3150000000000002
315,5.3697013541304265e-05,0.3160000000000002
316,5.3694651145480184e-05,0.3170000000000002
317,5.36916556704219e-05,0.3180000000000002
318,5.3688755017131957e-05,0.31900000000000023
319,5.368497958590998e-05,0.32000000000000023
320,5.3681409474953324e-05,0.32100000000000023
321,5.3677375757157995e-05,0.32200000000000023
322,5.3672665805317004e-05,0.32300000000000023
323,5.366786067713895e-05,0.32400000000000023
324,5.3662789491983875e-05,0.32500000000000023
325,5.365739126961787e-05,0.32600000000000023
326,5.3651377188619306e-05,0.32700000000000023
327,5.364546922574174e-05,0.32800000000000024
328,5.3639127496710976e-05,0.32900000000000024
329,5.363232020971504e-05,0.33000000000000024
330,5.3625707797079663e-05,0.33100000000000024
331,5.361834964991009e-05,0.33200000000000024
332,5.361070651933945e-05,0.33300000000000024
333,5.360279828215144e-05,0.33400000000000024
334,5.359476647167608e-05,0.33500000000000024
335,5.358607636595177e-05,0.33600000000000024
336,5.357670522314274e-05,0.33700000000000024
337,5.356751169251284e-05,0.33800000000000024
338,5.3558062982957145e-05,0.33900000000000025
339,5.354828312379668e-05,0.34000000000000025
340,5.35386088486528e-05,0.34100000000000025
341,5.3528720693197645e-05,0.34200000000000025
342,5.351816390125194e-05,0.34300000000000025
343,5.350725059030916e-05,0.34400000000000025
344,5.3496420321459107e-05,0.34500000000000025
345,5.348497329114964e-05,0.34600000000000025
346,5.347320894717501e-05,0.34700000000000025
347,5.346097470115107e-05,0.34800000000000025
348,5.34487668390079e-05,0.34900000000000025
349,5.3436494879500716e-05,0.35000000000000026
350,5.3423032821167564e-05,0.35100000000000026
351,5.34101819808197e-05,0.35200000000000026
352,5.339706685494075e-05,0.35300000000000026
353,5.3383323162783995e-05,0.35400000000000026
354,5.336930644256153e-05,0.35500000000000026
355,5.335539718831997e-05,0.35600000000000026
356,5.334107287264301e-05,0.35700000000000026
357,5.332654612747488e-05,0.35800000000000026
358,5.331138814307781e-05,0.35900000000000026
359,5.3295927666131985e-05,0.36000000000000026
360,5.327982333552384e-05,0.36100000000000027
361,5.326355205432527e-05,0.36200000000000027
362,5.324676254928159e-05,0.36300000000000027
363,5.322995703758463e-05,0.36400000000000027
364,5.3212314076407234e-05,0.36500000000000027
365,5.319432949328969e-05,0.36600000000000027
366,5.317688846660687e-05,0.36700000000000027
367,5.315894101719507e-05,0.36800000000000027
368,5.313975317161146e-05,0.36900000000000027
369,5.312234532411907e-05,0.3700000000000003
370,5.310418358440891e-05,0.3710000000000003
371,5.3084747488575914e-05,0.3720000000000003
372,5.306557065557864e-05,0.3730000000000003
373,5.304530812072685e-05,0.3740000000000003
374,5.3026673542359205e-05,0.3750000000000003
375,5.300771785174985e-05,0.3760000000000003
376,5.2989016500015706e-05,0.3770000000000003
377,5.296919107138041e-05,0.3780000000000003
378,5.2948396328477024e-05,0.3790000000000003
379,5.29263836170466e-05,0.3800000000000003
380,5.290356658994817e-05,0.3810000000000003
381,5.288042282162082e-05,0.3820000000000003
382,5.285797134380299e-05,0.3830000000000003
383,5.2835642925130355e-05,0.3840000000000003
384,5.281285822354968e-05,0.3850000000000003
385,5.278953501971737e-05,0.3860000000000003
386,5.276646177294593e-05,0.3870000000000003
387,5.2743595222329005e-05,0.3880000000000003
388,5.271958961982223e-05,0.3890000000000003
389,5.269605103890272e-05,0.3900000000000003
390,5.267141344346485e-05,0.3910000000000003
391,5.264759747238403e-05,0.3920000000000003
392,5.262348029785811e-05,0.3930000000000003
393,5.259929373356974e-05,0.3940000000000003
394,5.2574781278641766e-05,0.3950000000000003
395,5.255071041511056e-05,0.3960000000000003
396,5.252619385196797e-05,0.3970000000000003
397,5.2502000800681786e-05,0.3980000000000003
398,5.247668934523916e-05,0.3990000000000003
399,5.245225255490779e-05,0.4000000000000003
400,5.2426887127631794e-05,0.4010000000000003
401,5.2401702846128156e-05,0.4020000000000003
402,5.2376733579199184e-05,0.4030000000000003
403,5.235064682736839e-05,0.4040000000000003
404,5.232520294197023e-05,0.4050000000000003
405,5.229962778348518e-05,0.4060000000000003
406,5.2274713309832216e-05,0.4070000000000003
407,5.224881692258084e-05,0.4080000000000003
408,5.222299178529172e-05,0.4090000000000003
409,5.2197151883968064e-05,0.4100000000000003
410,5.2170814655132595e-05,0.4110000000000003
411,5.2144849787143845e-05,0.4120000000000003
412,5.211836309171946e-05,0.4130000000000003
413,5.209190879503155e-05,0.4140000000000003
414,5.206532700525653e-05,0.4150000000000003
415,5.2038707983964517e-05,0.4160000000000003
416,5.201107855152655e-05,0.4170000000000003
417,5.198400012059996e-05,0.4180000000000003
418,5.1957036686707285e-05,0.4190000000000003
419,5.192973242329792e-05,0.4200000000000003
420,5.190209909165521e-05,0.4210000000000003
421,5.187471010983701e-05,0.4220000000000003
422,5.18464842400296e-05,0.4230000000000003
423,5.181881957021678e-05,0.4240000000000003
424,5.179102458270522e-05,0.4250000000000003
425,5.176174061284722e-05,0.4260000000000003
426,5.1733178310390644e-05,0.4270000000000003
427,5.170420785401646e-05,0.4280000000000003
428,5.167564273237665e-05,0.4290000000000003
429,5.164666192685116e-05,0.4300000000000003
430,5.161703133870956e-05,0.4310000000000003
431,5.158807380602698e-05,0.43200000000000033
432,5.155844247096538e-05,0.43300000000000033
433,5.1528952434599205e-05,0.43400000000000033
434,5.149952110293095e-05,0.43500000000000033
435,5.146972686296387e-05,0.43600000000000033
436,5.143984038494316e-05,0.43700000000000033
437,5.140980747101939e-05,0.43800000000000033
438,5.1379664041287523e-05,0.43900000000000033
439,5.134945469736975e-05,0.44000000000000034
440,5.131876572132755e-05,0.44100000000000034
441,5.128810157397579e-05,0.44200000000000034
442,5.125698278565063e-05,0.44300000000000034
443,5.1226232215837326e-05,0.44400000000000034
444,5.119450478986341e-05,0.44500000000000034
445,5.116329162795868e-05,0.44600000000000034
446,5.1131640754211214e-05,0.44700000000000034
447,5.109984341012475e-05,0.44800000000000034
448,5.10683428633862e-05,0.44900000000000034
449,5.103661811122456e-05,0.45000000000000034
450,5.1004539936601e-05,0.45100000000000035
451,5.097278730220981e-05,0.45200000000000035
452,5.094041666728419e-05,0.45300000000000035
453,5.090809082782364e-05,0.45400000000000035
454,5.087483242318092e-05,0.45500000000000035
455,5.084235191800706e-05,0.45600000000000035
456,5.080961585504866e-05,0.45700000000000035
457,5.077698699233198e-05,0.45800000000000035
458,5.07437362676041e-05,0.45900000000000035
459,5.071002696653579e-05,0.46000000000000035
460,5.067623574426425e-05,0.46100000000000035
461,5.064275488347915e-05,0.46200000000000035
462,5.060869694915634e-05,0.46300000000000036
463,5.0575000809275406e-05,0.46400000000000036
464,5.054111009176433e-05,0.46500000000000036
465,5.050658381002841e-05,0.46600000000000036
466,5.047209530700743e-05,0.46700000000000036
467,5.043755489486493e-05,0.46800000000000036
468,5.040309944040321e-05,0.46900000000000036
469,5.0368746366309566e-05,0.47000000000000036
470,5.033394837028891e-05,0.47100000000000036
471,5.0299122005689786e-05,0.47200000000000036
472,5.026415831647252e-05,0.47300000000000036
473,5.022891923741785e-05,0.47400000000000037
474,5.019358170543432e-05,0.47500000000000037
475,5.015869373896134e-05,0.47600000000000037
476,5.012317757164986e-05,0.47700000000000037
477,5.0088200055487596e-05,0.47800000000000037
478,5.0052384974623294e-05,0.47900000000000037
479,5.001679464711313e-05,0.48000000000000037
480,4.998045029370517e-05,0.48100000000000037
481,4.994532720621416e-05,0.4820000000000004
482,4.990912836167275e-05,0.4830000000000004
483,4.987302503673978e-05,0.4840000000000004
484,4.983632531133249e-05,0.4850000000000004
485,4.980013721334857e-05,0.4860000000000004
486,4.976355551613569e-05,0.4870000000000004
487,4.97268198793009e-05,0.4880000000000004
488,4.968981637362882e-05,0.4890000000000004
489,4.965271212771999e-05,0.4900000000000004
490,4.961573533473592e-05,0.4910000000000004
491,4.9578026019429184e-05,0.4920000000000004
492,4.9540368576706234e-05,0.4930000000000004
493,4.950294076687221e-05,0.4940000000000004
494,4.9465353060802146e-05,0.4950000000000004
495,4.942791086698763e-05,0.4960000000000004
496,4.93895826382498e-05,0.4970000000000004
497,4.935170180187121e-05,0.4980000000000004
498,4.931270458247271e-05,0.4990000000000004
499,4.9274587476037594e-05,0.5000000000000003
500,4.9236360568349064e-05,0.5010000000000003
501,4.9197894420920015e-05,0.5020000000000003
502,4.915931647766849e-05,0.5030000000000003
503,4.9120704337755346e-05,0.5040000000000003
504,4.9081948391534576e-05,0.5050000000000003
505,4.904291003931723e-05,0.5060000000000003
506,4.900363972622266e-05,0.5070000000000003
507,4.896468215381486e-05,0.5080000000000003
508,4.892492888141807e-05,0.5090000000000003
509,4.88855696820091e-05,0.5100000000000003
510,4.8845832948805135e-05,0.5110000000000003
511,4.880617355869856e-05,0.5120000000000003
512,4.8766493719149873e-05,0.5130000000000003
513,4.872668714943656e-05,0.5140000000000003
514,4.868720483977365e-05,0.5150000000000003
515,4.864728149805608e-05,0.5160000000000003
516,4.8607118911086006e-05,0.5170000000000003
517,4.856700765512176e-05,0.5180000000000003
518,4.8526981106722065e-05,0.5190000000000003
519,4.848698281706616e-05,0.5200000000000004
520,4.844673281946383e-05,0.5210000000000004
521,4.840700914175396e-05,0.5220000000000004
522,4.836657315696649e-05,0.5230000000000004
523,4.832617238444907e-05,0.5240000000000004
524,4.828533681279747e-05,0.5250000000000004
525,4.824455399189362e-05,0.5260000000000004
526,4.820402612045549e-05,0.5270000000000004
527,4.816340213019483e-05,0.5280000000000004
528,4.8121960992196195e-05,0.5290000000000004
529,4.8080443909995656e-05,0.5300000000000004
530,4.803946743351137e-05,0.5310000000000004
531,4.7998038258811765e-05,0.5320000000000004
532,4.795676010810135e-05,0.5330000000000004
533,4.791523112873749e-05,0.5340000000000004
534,4.7873402426324456e-05,0.5350000000000004
535,4.7831363108989264e-05,0.5360000000000004
536,4.7788993841301624e-05,0.5370000000000004
537,4.774717315800108e-05,0.5380000000000004
538,4.770515869425229e-05,0.5390000000000004
539,4.766321506139193e-05,0.5400000000000004
540,4.762100838118081e-05,0.5410000000000004
541,4.7578507585049666e-05,0.5420000000000004
542,4.753572112774955e-05,0.5430000000000004
543,4.749391260584858e-05,0.5440000000000004
544,4.74518514237739e-05,0.5450000000000004
545,4.7409476447813914e-05,0.5460000000000004
546,4.736701036031592e-05,0.5470000000000004
547,4.732403200724647e-05,0.5480000000000004
548,4.728139779422612e-05,0.5490000000000004
549,4.723848250593345e-05,0.5500000000000004
550,4.719572971086466e-05,0.5510000000000004
551,4.715291733240308e-05,0.5520000000000004
552,4.710972903273062e-05,0.5530000000000004
553,4.7066759412085346e-05,0.5540000000000004
554,4.702360723085525e-05,0.5550000000000004
555,4.698089926040357e-05,0.5560000000000004
556,4.6937651550515886e-05,0.5570000000000004
557,4.689473677843697e-05,0.5580000000000004
558,4.685104804760893e-05,0.5590000000000004
559,4.680732011862908e-05,0.5600000000000004
560,4.676393720983975e-05,0.5610000000000004
561,4.6720495612213114e-05,0.5620000000000004
562,4.66769180742841e-05,0.5630000000000004
563,4.663320234080407e-05,0.5640000000000004
564,4.658870549984117e-05,0.5650000000000004
565,4.6545444672666435e-05,0.5660000000000004
566,4.65013516570294e-05,0.5670000000000004
567,4.6457468802656796e-05,0.5680000000000004
568,4.641354459996465e-05,0.5690000000000004
569,4.636903514285939e-05,0.5700000000000004
570,4.632472355110567e-05,0.5710000000000004
571,4.628038570160028e-05,0.5720000000000004
572,4.6236273088889314e-05,0.5730000000000004
573,4.619246563230209e-05,0.5740000000000004
574,4.6147804730298176e-05,0.5750000000000004
575,4.6103373349114376e-05,0.5760000000000004
576,4.605866760861442e-05,0.5770000000000004
577,4.601386595425632e-05,0.5780000000000004
578,4.59691111349712e-05,0.5790000000000004
579,4.592474153865793e-05,0.5800000000000004
580,4.587970807381476e-05,0.5810000000000004
581,4.583466471969587e-05,0.5820000000000004
582,4.578943293470292e-05,0.5830000000000004
583,4.5744348738735156e-05,0.5840000000000004
584,4.569918219460982e-05,0.5850000000000004
585,4.5654641108545145e-05,0.5860000000000004
586,4.56093888261386e-05,0.5870000000000004
587,4.556431362764071e-05,0.5880000000000004
588,4.551906173468158e-05,0.5890000000000004
589,4.547467667528696e-05,0.5900000000000004
590,4.5429071052341645e-05,0.5910000000000004
591,4.5383510076909925e-05,0.5920000000000004
592,4.533794930976233e-05,0.5930000000000004
593,4.52925266711641e-05,0.5940000000000004
594,4.524668142592602e-05,0.5950000000000004
595,4.5201217100362674e-05,0.5960000000000004
596,4.515524348060989e-05,0.5970000000000004
597,4.5109647456737364e-05,0.5980000000000004
598,4.506376456831627e-05,0.5990000000000004
599,4.501774777430286e-05,0.6000000000000004
600,4.497197515044258e-05,0.6010000000000004
601,4.492598065370401e-05,0.6020000000000004
602,4.487985378327367e-05,0.6030000000000004
603,4.483350938304557e-05,0.6040000000000004
604,4.478706645596122e-05,0.6050000000000004
605,4.474112387579517e-05,0.6060000000000004
606,4.46949384414269e-05,0.6070000000000004
607,4.4649080427010055e-05,0.6080000000000004
608,4.460296958415274e-05,0.6090000000000004
609,4.455677225311051e-05,0.6100000000000004
610,4.450976726137267e-05,0.6110000000000004
611,4.4463857631691736e-05,0.6120000000000004
612,4.441706721756478e-05,0.6130000000000004
613,4.437109467162912e-05,0.6140000000000004
614,4.4324830725563864e-05,0.6150000000000004
615,4.42787618448716e-05,0.6160000000000004
616,4.423206558674397e-05,0.6170000000000004
617,4.418572683011239e-05,0.6180000000000004
618,4.413879487656843e-05,0.6190000000000004
619,4.409217954702148e-05,0.6200000000000004
620,4.404578994496479e-05,0.6210000000000004
621,4.3998882177054464e-05,0.6220000000000004
622,4.3952278190246537e-05,0.6230000000000004
623,4.3905055299567674e-05,0.6240000000000004
624,4.3858154914698154e-05,0.6250000000000004
625,4.381163385957295e-05,0.6260000000000004
626,4.376475341975971e-05,0.6270000000000004
627,4.371766873846165e-05,0.6280000000000004
628,4.3670785169561875e-05,0.6290000000000004
629,4.3623600258909776e-05,0.6300000000000004
630,4.357619229887851e-05,0.6310000000000004
631,4.352940229688866e-05,0.6320000000000005
632,4.348231542625831e-05,0.6330000000000005
633,4.343517823260456e-05,0.6340000000000005
634,4.3388177985578375e-05,0.6350000000000005
635,4.3340954976331705e-05,0.6360000000000005
636,4.329375048526942e-05,0.6370000000000005
637,4.32463435021826e-05,0.6380000000000005
638,4.319863670345518e-05,0.6390000000000005
639,4.3151074853534226e-05,0.6400000000000005
640,4.310363083750426e-05,0.6410000000000005
641,4.30559036531438e-05,0.6420000000000005
642,4.300880321474996e-05,0.6430000000000005
643,4.2960742127685045e-05,0.6440000000000005
644,4.291335162366147e-05,0.6450000000000005
645,4.2865659106849926e-05,0.6460000000000005
646,4.2818250965834034e-05,0.6470000000000005
647,4.277082114552597e-05,0.6480000000000005
648,4.272347989302147e-05,0.6490000000000005
649,4.2676259149562916e-05,0.6500000000000005
650,4.262870200531804e-05,0.6510000000000005
651,4.2580959178403766e-05,0.6520000000000005
652,4.253330220051458e-05,0.6530000000000005
653,4.248557243164456e-05,0.6540000000000005
654,4.243802264875835e-05,0.6550000000000005
655,4.239024948709519e-05,0.6560000000000005
656,4.234233759228273e-05,0.6570000000000005
657,4.2294690586504355e-05,0.6580000000000005
658,4.2246812598468726e-05,0.6590000000000005
659,4.219919201301449e-05,0.6600000000000005
660,4.2151578264230096e-05,0.6610000000000005
661,4.210340515978518e-05,0.6620000000000005
662,4.205538920710717e-05,0.6630000000000005
663,4.200747033673187e-05,0.6640000000000005
664,4.195924739145251e-05,0.6650000000000005
665,4.1911381340506806e-05,0.6660000000000005
666,4.1863706229488236e-05,0.6670000000000005
667,4.1815253703218493e-05,0.6680000000000005
668,4.1766879931320726e-05,0.6690000000000005
669,4.171891314791015e-05,0.6700000000000005
670,4.1670987633204514e-05,0.6710000000000005
671,4.162297880530552e-05,0.6720000000000005
672,4.1575160726909464e-05,0.6730000000000005
673,4.152703925292648e-05,0.6740000000000005
674,4.1478622724283236e-05,0.6750000000000005
675,4.143057431234448e-05,0.6760000000000005
676,4.138210988388646e-05,0.6770000000000005
677,4.133417032688263e-05,0.6780000000000005
678,4.128587103582663e-05,0.6790000000000005
679,4.123774040206323e-05,0.6800000000000005
680,4.118964423009983e-05,0.6810000000000005
681,4.114183141890035e-05,0.6820000000000005
682,4.109349908804899e-05,0.6830000000000005
683,4.104564994371373e-05,0.6840000000000005
684,4.099764026871773e-05,0.6850000000000005
685,4.094947309549849e-05,0.6860000000000005
686,4.090079427326771e-05,0.6870000000000005
687,4.085240152059297e-05,0.6880000000000005
688,4.0804191231719104e-05,0.6890000000000005
689,4.0756382979500293e-05,0.6900000000000005
690,4.0708341236532395e-05,0.6910000000000005
691,4.0660207264848134e-05,0.6920000000000005
692,4.0611597702697206e-05,0.6930000000000005
693,4.056309968727314e-05,0.6940000000000005
694,4.051495359448742e-05,0.6950000000000005
695,4.046654137946318e-05,0.6960000000000005
696,4.04184129182735e-05,0.6970000000000005
697,4.036974576775874e-05,0.6980000000000005
698,4.0321470468906836e-05,0.6990000000000005
699,4.0273361717105865e-05,0.7000000000000005
700,4.022492262800727e-05,0.7010000000000005
701,4.017677469017171e-05,0.7020000000000005
702,4.0128479397092234e-05,0.7030000000000005
703,4.00802605958965e-05,0.7040000000000005
704,4.003175388075664e-05,0.7050000000000005
705,3.998307902204257e-05,0.7060000000000005
706,3.993437955072047e-05,0.7070000000000005
707,3.9886138732615284e-05,0.7080000000000005
708,3.9837556629104197e-05,0.7090000000000005
709,3.978887717135845e-05,0.7100000000000005
710,3.974006499986999e-05,0.7110000000000005
711,3.9692001918893394e-05,0.7120000000000005
712,3.964370533305829e-05,0.7130000000000005
713,3.959555119340966e-05,0.7140000000000005
714,3.954740247840951e-05,0.7150000000000005
715,3.9499488441736577e-05,0.7160000000000005
716,3.9451131334300496e-05,0.7170000000000005
717,3.940320349109298e-05,0.7180000000000005
718,3.935495910867349e-05,0.7190000000000005
719,3.930716900395362e-05,0.7200000000000005
720,3.9258743490536595e-05,0.7210000000000005
721,3.9210140000897315e-05,0.7220000000000005
722,3.916214812236964e-05,0.7230000000000005
723,3.911419574340908e-05,0.7240000000000005
724,3.9065786778874154e-05,0.7250000000000005
725,3.90174950929135e-05,0.7260000000000005
726,3.8969107092372316e-05,0.7270000000000005
727,3.892065717880811e-05,0.7280000000000005
728,3.887207291155789e-05,0.7290000000000005
729,3.882388137328593e-05,0.7300000000000005
730,3.877526323149104e-05,0.7310000000000005
731,3.872691966184307e-05,0.7320000000000005
732,3.86786055975018e-05,0.7330000000000005
733,3.863017409528198e-05,0.7340000000000005
734,3.858191004428527e-05,0.7350000000000005
735,3.8534119603256885e-05,0.7360000000000005
736,3.8485707198421604e-05,0.7370000000000005
737,3.843699490576876e-05,0.7380000000000005
738,3.838865305493123e-05,0.7390000000000005
739,3.834069532459906e-05,0.7400000000000005
740,3.829253829235114e-05,0.7410000000000005
741,3.8244130010690095e-05,0.7420000000000005
742,3.8195766708642344e-05,0.7430000000000005
743,3.814715301686785e-05,0.7440000000000005
744,3.8099262943244485e-05,0.7450000000000006
745,3.805082391264188e-05,0.7460000000000006
746,3.800294811759983e-05,0.7470000000000006
747,3.795490292695345e-05,0.7480000000000006
748,3.790666798365371e-05,0.7490000000000006
749,3.78576236376554e-05,0.7500000000000006
750,3.780960987936403e-05,0.7510000000000006
751,3.776157727191316e-05,0.7520000000000006
752,3.7713272552823494e-05,0.7530000000000006
753,3.7664672639967465e-05,0.7540000000000006
754,3.761695656587507e-05,0.7550000000000006
755,3.756873611655831e-05,0.7560000000000006
756,3.7520237186570345e-05,0.7570000000000006
757,3.747218097235196e-05,0.7580000000000006
758,3.7423566128138554e-05,0.7590000000000006
759,3.73754811832257e-05,0.7600000000000006
760,3.732715353004081e-05,0.7610000000000006
761,3.7278920587931763e-05,0.7620000000000006
762,3.723099282331717e-05,0.7630000000000006
763,3.718302151312324e-05,0.7640000000000006
764,3.7134762800776476e-05,0.7650000000000006
765,3.708649362993094e-05,0.7660000000000006
766,3.7038869188226825e-05,0.7670000000000006
767,3.699088439762556e-05,0.7680000000000006
768,3.6942717784417224e-05,0.7690000000000006
769,3.6895064803122414e-05,0.7700000000000006
770,3.6847004604861626e-05,0.7710000000000006
771,3.6798906847304907e-05,0.7720000000000006
772,3.675073174322959e-05,0.7730000000000006
773,3.67025105149365e-05,0.7740000000000006
774,3.66543259653128e-05,0.7750000000000006
775,3.660638754864404e-05,0.7760000000000006
776,3.655797958783149e-05,0.7770000000000006
777,3.651000200962156e-05,0.7780000000000006
778,3.6462240267172766e-05,0.7790000000000006
779,3.6414046864176453e-05,0.7800000000000006
780,3.6365900667523244e-05,0.7810000000000006
781,3.6317819985239774e-05,0.7820000000000006
782,3.6269811733394946e-05,0.7830000000000006
783,3.62219644468978e-05,0.7840000000000006
784,3.617465290399583e-05,0.7850000000000006
785,3.6126698609713765e-05,0.7860000000000006
786,3.607892346543286e-05,0.7870000000000006
787,3.603127944815184e-05,0.7880000000000006
788,3.598337792937179e-05,0.7890000000000006
789,3.5935316810470674e-05,0.7900000000000006
790,3.5887613933279855e-05,0.7910000000000006
791,3.583980524739022e-05,0.7920000000000006
792,3.579229208625632e-05,0.7930000000000006
793,3.574439281898242e-05,0.7940000000000006
794,3.5696512795755435e-05,0.7950000000000006
795,3.564903585838106e-05,0.7960000000000006
796,3.56009754430964e-05,0.7970000000000006
797,3.5553326808267375e-05,0.7980000000000006
798,3.550522361968105e-05,0.7990000000000006
799,3.545778941362148e-05,0.8000000000000006
800,3.541064772164136e-05,0.8010000000000006
801,3.536279147595101e-05,0.8020000000000006
802,3.5315284124336454e-05,0.8030000000000006
803,3.526811643412121e-05,0.8040000000000006
804,3.522038794757074e-05,0.8050000000000006
805,3.517305737360056e-05,0.8060000000000006
806,3.512554001159256e-05,0.8070000000000006
807,3.507792953254025e-05,0.8080000000000006
808,3.5030687463825946e-05,0.8090000000000006
809,3.498321943722981e-05,0.8100000000000006
810,3.4936132929379607e-05,0.8110000000000006
811,3.48888851660991e-05,0.8120000000000006
812,3.484143698486041e-05,0.8130000000000006
813,3.479418025241675e-05,0.8140000000000006
814,3.474679663721774e-05,0.8150000000000006
815,3.469911646977566e-05,0.8160000000000006
816,3.4652176816129744e-05,0.8170000000000006
817,3.4604571727380034e-05,0.8180000000000006
818,3.455762011954665e-05,0.8190000000000006
819,3.451088008827039e-05,0.8200000000000006
820,3.446396728406201e-05,0.8210000000000006
821,3.4416963530490946e-05,0.8220000000000006
822,3.4369865360658804e-05,0.8230000000000006
823,3.432308627639327e-05,0.8240000000000006
824,3.4275850342398776e-05,0.8250000000000006
825,3.4228849426573545e-05,0.8260000000000006
826,3.418189821460799e-05,0.8270000000000006
827,3.413495330837927e-05,0.8280000000000006
828,3.4088185118558655e-05,0.8290000000000006
829,3.404135781074791e-05,0.8300000000000006
830,3.3995085779319624e-05,0.8310000000000006
831,3.394813757369559e-05,0.8320000000000006
832,3.3901323268257337e-05,0.8330000000000006
833,3.385470964184776e-05,0.8340000000000006
834,3.380802377850937e-05,0.8350000000000006
835,3.376100692147881e-05,0.8360000000000006
836,3.371407450511508e-05,0.8370000000000006
837,3.366750900227389e-05,0.8380000000000006
838,3.362076592995236e-05,0.8390000000000006
839,3.357428806888138e-05,0.8400000000000006
840,3.35282828031906e-05,0.8410000000000006
841,3.348177115501526e-05,0.8420000000000006
842,3.343579456892896e-05,0.8430000000000006
843,3.3389150520597426e-05,0.8440000000000006
844,3.334263923038142e-05,0.8450000000000006
845,3.329575541640761e-05,0.8460000000000006
846,3.324950904403155e-05,0.8470000000000006
847,3.320317941160591e-05,0.8480000000000006
848,3.3156813941147215e-05,0.8490000000000006
849,3.3110053837143944e-05,0.8500000000000006
850,3.306369107958777e-05,0.8510000000000006
851,3.301750270646081e-05,0.8520000000000006
852,3.297163618543918e-05,0.8530000000000006
853,3.292536299170525e-05,0.8540000000000006
854,3.287914637892022e-05,0.8550000000000006
855,3.283278396936283e-05,0.8560000000000006
856,3.2786616198503106e-05,0.8570000000000007
857,3.274065567443333e-05,0.8580000000000007
858,3.2694107786871824e-05,0.8590000000000007
859,3.2648142487632976e-05,0.8600000000000007
860,3.260220950929802e-05,0.8610000000000007
861,3.25563831439886e-05,0.8620000000000007
862,3.251007555909592e-05,0.8630000000000007
863,3.2464043607634505e-05,0.8640000000000007
864,3.2418229013309774e-05,0.8650000000000007
865,3.237282821200976e-05,0.8660000000000007
866,3.2326756714412324e-05,0.8670000000000007
867,3.228105905316618e-05,0.8680000000000007
868,3.223531672757055e-05,0.8690000000000007
869,3.218956119259233e-05,0.8700000000000007
870,3.214445773179202e-05,0.8710000000000007
871,3.209892469962467e-05,0.8720000000000007
872,3.2054000919948716e-05,0.8730000000000007
873,3.200838922811788e-05,0.8740000000000007
874,3.196302927391073e-05,0.8750000000000007
875,3.1917800812184624e-05,0.8760000000000007
876,3.1872335745142635e-05,0.8770000000000007
877,3.182708483356225e-05,0.8780000000000007
878,3.178130626603448e-05,0.8790000000000007
879,3.173616504412015e-05,0.8800000000000007
880,3.1690737995253446e-05,0.8810000000000007
881,3.164553894844993e-05,0.8820000000000007
882,3.1600092798576544e-05,0.8830000000000007
883,3.155502106874151e-05,0.8840000000000007
884,3.150936127667806e-05,0.8850000000000007
885,3.146434900693459e-05,0.8860000000000007
886,3.1418797156849634e-05,0.8870000000000007
887,3.137406631050759e-05,0.8880000000000007
888,3.132875021063063e-05,0.8890000000000007
889,3.128369142413099e-05,0.8900000000000007
890,3.123854327490507e-05,0.8910000000000007
891,3.119351160153665e-05,0.8920000000000007
892,3.114834995628464e-05,0.8930000000000007
893,3.110310399041913e-05,0.8940000000000007
894,3.1057894173040845e-05,0.8950000000000007
895,3.101293529655306e-05,0.8960000000000007
896,3.096778378892187e-05,0.8970000000000007
897,3.0922992973877e-05,0.8980000000000007
898,3.087838805333864e-05,0.8990000000000007
899,3.083388510921066e-05,0.9000000000000007
900,3.078894980468488e-05,0.9010000000000007
901,3.074436233243632e-05,0.9020000000000007
902,3.069945597478392e-05,0.9030000000000007
903,3.065479764129988e-05,0.9040000000000007
904,3.061041061690124e-05,0.9050000000000007
905,3.0565839908625915e-05,0.9060000000000007
906,3.05213556743352e-05,0.9070000000000007
907,3.0477042343783532e-05,0.9080000000000007
908,3.0432459993672702e-05,0.9090000000000007
909,3.0388245669565197e-05,0.9100000000000007
910,3.0343928477781906e-05,0.9110000000000007
911,3.029962182725396e-05,0.9120000000000007
912,3.0254719307335916e-05,0.9130000000000007
913,3.0210543713715537e-05,0.9140000000000007
914,3.0165901833935488e-05,0.9150000000000007
915,3.0122295898712993e-05,0.9160000000000007
916,3.007822831966114e-05,0.9170000000000007
917,3.0034117452344902e-05,0.9180000000000007
918,2.9989946004676985e-05,0.9190000000000007
919,2.994559710980608e-05,0.9200000000000007
920,2.9901665369997913e-05,0.9210000000000007
921,2.9857649848475195e-05,0.9220000000000007
922,2.981383178993152e-05,0.9230000000000007
923,2.9769676587194225e-05,0.9240000000000007
924,2.972528231746934e-05,0.9250000000000007
925,2.968130199060297e-05,0.9260000000000007
926,2.9637555178801343e-05,0.9270000000000007
927,2.9593474358094074e-05,0.9280000000000007
928,2.9549246865649963e-05,0.9290000000000007
929,2.950508645800701e-05,0.9300000000000007
930,2.9461124425729673e-05,0.9310000000000007
931,2.9417400850017147e-05,0.9320000000000007
932,2.9373567884515384e-05,0.9330000000000007
933,2.933003751392548e-05,0.9340000000000007
934,2.9286266831583183e-05,0.9350000000000007
935,2.9242703328758046e-05,0.9360000000000007
936,2.9199301941549074e-05,0.9370000000000007
937,2.9155560653434e-05,0.9380000000000007
938,2.911227109865328e-05,0.9390000000000007
939,2.9069074131421758e-05,0.9400000000000007
940,2.9025562580774234e-05,0.9410000000000007
941,2.8982135548211894e-05,0.9420000000000007
942,2.8938575630593115e-05,0.9430000000000007
943,2.88952372801287e-05,0.9440000000000007
944,2.8851296075659136e-05,0.9450000000000007
945,2.880805804909163e-05,0.9460000000000007
946,2.87655183107217e-05,0.9470000000000007
947,2.872244015106957e-05,0.9480000000000007
948,2.867963085929637e-05,0.9490000000000007
949,2.8636754156934264e-05,0.9500000000000007
950,2.8593781595096013e-05,0.9510000000000007
951,2.8551500982004774e-05,0.9520000000000007
952,2.8508498207244393e-05,0.9530000000000007
953,2.8465372024530854e-05,0.9540000000000007
954,2.8422426520739954e-05,0.9550000000000007
955,2.837986616822544e-05,0.9560000000000007
956,2.8337032139848068e-05,0.9570000000000007
957,2.8293969182986807e-05,0.9580000000000007
958,2.8251898931835898e-05,0.9590000000000007
959,2.8209199235815854e-05,0.9600000000000007
960,2.816623256561921e-05,0.9610000000000007
961,2.8123677945471796e-05,0.9620000000000007
962,2.8081073506817597e-05,0.9630000000000007
963,2.80388930499555e-05,0.9640000000000007
964,2.799649268446105e-05,0.9650000000000007
965,2.7954041946729412e-05,0.9660000000000007
966,2.791179115619346e-05,0.9670000000000007
967,2.7869273459503062e-05,0.9680000000000007
968,2.7826709664218318e-05,0.9690000000000007
969,2.7784231345090356e-05,0.9700000000000008
970,2.7741969023754146e-05,0.9710000000000008
971,2.7700041736125704e-05,0.9720000000000008
972,2.765860953857445e-05,0.9730000000000008
973,2.7616366035734845e-05,0.9740000000000008
974,2.757432998233019e-05,0.9750000000000008
975,2.753283879607066e-05,0.9760000000000008
976,2.749071350435956e-05,0.9770000000000008
977,2.7449107967410753e-05,0.9780000000000008
978,2.740713225678903e-05,0.9790000000000008
979,2.7365035518468995e-05,0.9800000000000008
980,2.7323120644689997e-05,0.9810000000000008
981,2.7281214812336262e-05,0.9820000000000008
982,2.723971857305238e-05,0.9830000000000008
983,2.719847956257253e-05,0.9840000000000008
984,2.715706829193702e-05,0.9850000000000008
985,2.711513567165497e-05,0.9860000000000008
986,2.707338874915347e-05,0.9870000000000008
987,2.7031979424178146e-05,0.9880000000000008
988,2.6990462163173272e-05,0.9890000000000008
989,2.6949173741724538e-05,0.9900000000000008
990,2.6907847341102813e-05,0.9910000000000008
991,2.6866467077444694e-05,0.9920000000000008
992,2.6825600021536713e-05,0.9930000000000008
993,2.678446922851475e-05,0.9940000000000008
994,2.674270079769547e-05,0.9950000000000008
995,2.6701639439779434e-05,0.9960000000000008
996,2.6660425919099813e-05,0.9970000000000008
997,2.661912119306576e-05,0.9980000000000008
998,2.657825907610816e-05,0.9990000000000008
999,2.653733463854571e-05,1.0000000000000007
